start,end,strategy,final_equity,total_return,cagr,vol,max_drawdown,sharpe,sortino,avg_pct_invested,strategy_key,row_kind
1960-10-14,2026-10-08,ActuallyFinance GTT,18646314.072827216,1863.6314072827215,0.1209024143940769,0.1304098299467381,-0.2672324251842466,0.6179938122544764,0.878584058950301,0.8688870151770658,actuallyfinance_gtt,strategy
1960-10-14,2026-10-08,Philosophical Economics GTT #1: Retail Sales,15204288.14916365,1519.4288149163651,0.11744102206580487,0.14121395627506705,-0.48717453473916084,0.5591967105622823,0.7940150683739088,0.9114671163575042,pe_gtt_1_retail_sales,strategy
1960-10-14,2026-10-08,Philosophical Economics GTT #2: Industrial Production,20516627.76107279,2050.6627761072787,0.12252742141523987,0.1457731744896186,-0.32961632046194567,0.5776487788190944,0.8154144818590432,0.9367019995181883,pe_gtt_2_industrial_production,strategy
1960-10-14,2026-10-08,Philosophical Economics GTT #3: Retail Sales or Industrial Production,22368208.04809505,2235.8208048095053,0.12399835614644816,0.1350434287671776,-0.3533992204275105,0.6217508489060972,0.8904458995208238,0.8872560828715972,pe_gtt_3_retail_or_industrial,strategy
1960-10-14,2026-10-08,Philosophical Economics GTT #4: Employment Growth,20466376.489779055,2045.6376489779054,0.12248570225615452,0.1428513744715956,-0.33717262170769124,0.586405896871151,0.8200538680786597,0.905926282823416,pe_gtt_4_employment,strategy
1960-10-14,2026-10-08,Philosophical Economics GTT #5: Real Income or Housing Starts,14671644.345705537,1466.1644345705538,0.11683725160137381,0.12198485131219414,-0.26723242518424595,0.6222416782017965,0.8797251824238774,0.8306432185015659,pe_gtt_5_income_or_housing,strategy
1960-10-14,2026-10-08,Philosophical Economics GTT #6: Unemployment Rate Trend,17475628.7091415,1746.56287091415,0.11980143593928361,0.13911776355369118,-0.3371726217076916,0.5811053180192196,0.8101780457500048,0.8835822693326909,pe_gtt_6_unrate,strategy
1960-10-14,2026-10-08,200D SMA always on,9999290.342720665,998.9290342720666,0.11036646757494917,0.1106263843328416,-0.22378858035734206,0.6215388974875802,0.8749130687981035,0.7540351722476512,benchmark_sma,benchmark
1960-10-14,2026-10-08,Buy and hold,8411559.551611176,840.1559551611176,0.10746054690000495,0.16458214794365092,-0.5518942836184896,0.44667125874188646,0.6288832928560388,1.0,benchmark_buy_hold,benchmark
