trend_mode,trade_cost_mode,variant_key,variant_label,start,end,strategy,final_equity,total_return,cagr,vol,max_drawdown,sharpe,sortino,avg_pct_invested
200d,0bps,actuallyfinance_gtt,ActuallyFinance GTT,1960-10-14,2026-10-06,ActuallyFinance GTT,18770635.274085548,1876.0635274085546,0.12102593673282835,0.13041590781182666,-0.26723242518424606,0.6188361990641719,0.8797898027440495,0.8688712203348994
200d,0bps,actuallyfinance_gtt,ActuallyFinance GTT,1960-10-14,2026-10-06,200D SMA always on,10066053.109595153,1005.6053109595154,0.11048811591058971,0.11063099560474898,-0.22378762550140296,0.6225285233759903,0.8763172517445965,0.754005541501024
200d,0bps,actuallyfinance_gtt,ActuallyFinance GTT,1960-10-14,2026-10-06,Buy and hold,8467640.716433987,845.7640716433987,0.1075814759567082,0.164590662937815,-0.5518945071695773,0.44733267605084526,0.6298181196558256,1.0
200d,0bps,pe_gtt_1_retail_sales,Philosophical Economics GTT #1: Retail Sales,1960-10-14,2026-10-06,Philosophical Economics GTT #1: Retail Sales,15305670.409166764,1529.5670409166764,0.11756388738118351,0.1412208317651793,-0.48717436454032903,0.5599727439700066,0.7951232584284618,0.9114564510299964
200d,0bps,pe_gtt_1_retail_sales,Philosophical Economics GTT #1: Retail Sales,1960-10-14,2026-10-06,200D SMA always on,10066053.109595153,1005.6053109595154,0.11048811591058971,0.11063099560474898,-0.22378762550140296,0.6225285233759903,0.8763172517445965,0.754005541501024
200d,0bps,pe_gtt_1_retail_sales,Philosophical Economics GTT #1: Retail Sales,1960-10-14,2026-10-06,Buy and hold,8467640.716433987,845.7640716433987,0.1075814759567082,0.164590662937815,-0.5518945071695773,0.44733267605084526,0.6298181196558256,1.0
200d,0bps,pe_gtt_2_industrial_production,Philosophical Economics GTT #2: Industrial Production,1960-10-14,2026-10-06,Philosophical Economics GTT #2: Industrial Production,20653367.421694726,2064.3367421694725,0.12265121533935663,0.14578035161682043,-0.329616320461946,0.578402393702348,0.8164841449738891,0.9366943741717866
200d,0bps,pe_gtt_2_industrial_production,Philosophical Economics GTT #2: Industrial Production,1960-10-14,2026-10-06,200D SMA always on,10066053.109595153,1005.6053109595154,0.11048811591058971,0.11063099560474898,-0.22378762550140296,0.6225285233759903,0.8763172517445965,0.754005541501024
200d,0bps,pe_gtt_2_industrial_production,Philosophical Economics GTT #2: Industrial Production,1960-10-14,2026-10-06,Buy and hold,8467640.716433987,845.7640716433987,0.1075814759567082,0.164590662937815,-0.5518945071695773,0.44733267605084526,0.6298181196558256,1.0
200d,0bps,pe_gtt_3_retail_or_industrial,Philosophical Economics GTT #3: Retail Sales or Industrial Production,1960-10-14,2026-10-06,Philosophical Economics GTT #3: Retail Sales or Industrial Production,22517337.777397912,2250.733777739791,0.12412247200361048,0.13504983250906485,-0.3533991366125372,0.6225655707811041,0.8916206054837963,0.8872425009035056
200d,0bps,pe_gtt_3_retail_or_industrial,Philosophical Economics GTT #3: Retail Sales or Industrial Production,1960-10-14,2026-10-06,200D SMA always on,10066053.109595153,1005.6053109595154,0.11048811591058971,0.11063099560474898,-0.22378762550140296,0.6225285233759903,0.8763172517445965,0.754005541501024
200d,0bps,pe_gtt_3_retail_or_industrial,Philosophical Economics GTT #3: Retail Sales or Industrial Production,1960-10-14,2026-10-06,Buy and hold,8467640.716433987,845.7640716433987,0.1075814759567082,0.164590662937815,-0.5518945071695773,0.44733267605084526,0.6298181196558256,1.0
200d,0bps,pe_gtt_4_employment,Philosophical Economics GTT #4: Employment Growth,1960-10-14,2026-10-06,Philosophical Economics GTT #4: Employment Growth,20602869.818056617,2059.2869818056615,0.12260956127493583,0.14285833965374622,-0.33717250635618645,0.587175525419198,0.8211360229828093,0.9059149500060234
200d,0bps,pe_gtt_4_employment,Philosophical Economics GTT #4: Employment Growth,1960-10-14,2026-10-06,200D SMA always on,10066053.109595153,1005.6053109595154,0.11048811591058971,0.11063099560474898,-0.22378762550140296,0.6225285233759903,0.8763172517445965,0.754005541501024
200d,0bps,pe_gtt_4_employment,Philosophical Economics GTT #4: Employment Growth,1960-10-14,2026-10-06,Buy and hold,8467640.716433987,845.7640716433987,0.1075814759567082,0.164590662937815,-0.5518945071695773,0.44733267605084526,0.6298181196558256,1.0
200d,0bps,pe_gtt_5_income_or_housing,Philosophical Economics GTT #5: Real Income or Housing Starts,1960-10-14,2026-10-06,Philosophical Economics GTT #5: Real Income or Housing Starts,14769523.721350636,1475.9523721350636,0.11696005635134488,0.12199033486056562,-0.26723242518424595,0.6231412307012176,0.8810061952230807,0.8306228165281292
200d,0bps,pe_gtt_5_income_or_housing,Philosophical Economics GTT #5: Real Income or Housing Starts,1960-10-14,2026-10-06,200D SMA always on,10066053.109595153,1005.6053109595154,0.11048811591058971,0.11063099560474898,-0.22378762550140296,0.6225285233759903,0.8763172517445965,0.754005541501024
200d,0bps,pe_gtt_5_income_or_housing,Philosophical Economics GTT #5: Real Income or Housing Starts,1960-10-14,2026-10-06,Buy and hold,8467640.716433987,845.7640716433987,0.1075814759567082,0.164590662937815,-0.5518945071695773,0.44733267605084526,0.6298181196558256,1.0
200d,0bps,pe_gtt_6_unrate,Philosophical Economics GTT #6: Unemployment Rate Trend,1960-10-14,2026-10-06,Philosophical Economics GTT #6: Unemployment Rate Trend,17592177.990813795,1758.2177990813796,0.11992477786795153,0.1391244821506436,-0.33717250635618656,0.5818944249685788,0.8112843226717925,0.8835682447897844
200d,0bps,pe_gtt_6_unrate,Philosophical Economics GTT #6: Unemployment Rate Trend,1960-10-14,2026-10-06,200D SMA always on,10066053.109595153,1005.6053109595154,0.11048811591058971,0.11063099560474898,-0.22378762550140296,0.6225285233759903,0.8763172517445965,0.754005541501024
200d,0bps,pe_gtt_6_unrate,Philosophical Economics GTT #6: Unemployment Rate Trend,1960-10-14,2026-10-06,Buy and hold,8467640.716433987,845.7640716433987,0.1075814759567082,0.164590662937815,-0.5518945071695773,0.44733267605084526,0.6298181196558256,1.0
200d,10bps,actuallyfinance_gtt,ActuallyFinance GTT,1960-10-14,2026-10-06,ActuallyFinance GTT,17188758.270377077,1717.8758270377077,0.11953105825019072,0.13042449861704244,-0.2686124088893973,0.608555427651473,0.8648887044734659,0.8688712203348994
200d,10bps,actuallyfinance_gtt,ActuallyFinance GTT,1960-10-14,2026-10-06,200D SMA always on,8403812.101796217,839.3812101796217,0.10745446095762357,0.11063803055097557,-0.23917765293122906,0.5977298229683135,0.8407132882045201,0.754005541501024
200d,10bps,actuallyfinance_gtt,ActuallyFinance GTT,1960-10-14,2026-10-06,Buy and hold,8467640.716433987,845.7640716433987,0.1075814759567082,0.164590662937815,-0.5518945071695773,0.44733267605084526,0.6298181196558256,1.0
200d,10bps,pe_gtt_1_retail_sales,Philosophical Economics GTT #1: Retail Sales,1960-10-14,2026-10-06,Philosophical Economics GTT #1: Retail Sales,14705759.554673593,1469.5759554673593,0.1168868106737555,0.1412209031832423,-0.48819522651897984,0.5556733154754413,0.7889163659036642,0.9114564510299964
200d,10bps,pe_gtt_1_retail_sales,Philosophical Economics GTT #1: Retail Sales,1960-10-14,2026-10-06,200D SMA always on,8403812.101796217,839.3812101796217,0.10745446095762357,0.11063803055097557,-0.23917765293122906,0.5977298229683135,0.8407132882045201,0.754005541501024
200d,10bps,pe_gtt_1_retail_sales,Philosophical Economics GTT #1: Retail Sales,1960-10-14,2026-10-06,Buy and hold,8467640.716433987,845.7640716433987,0.1075814759567082,0.164590662937815,-0.5518945071695773,0.44733267605084526,0.6298181196558256,1.0
200d,10bps,pe_gtt_2_industrial_production,Philosophical Economics GTT #2: Industrial Production,1960-10-14,2026-10-06,Philosophical Economics GTT #2: Industrial Production,20022828.91558752,2001.2828915587518,0.1221237570809337,0.14578207911925578,-0.3296163204619458,0.5751691357448083,0.8118247713394283,0.9366943741717866
200d,10bps,pe_gtt_2_industrial_production,Philosophical Economics GTT #2: Industrial Production,1960-10-14,2026-10-06,200D SMA always on,8403812.101796217,839.3812101796217,0.10745446095762357,0.11063803055097557,-0.23917765293122906,0.5977298229683135,0.8407132882045201,0.754005541501024
200d,10bps,pe_gtt_2_industrial_production,Philosophical Economics GTT #2: Industrial Production,1960-10-14,2026-10-06,Buy and hold,8467640.716433987,845.7640716433987,0.1075814759567082,0.164590662937815,-0.5518945071695773,0.44733267605084526,0.6298181196558256,1.0
200d,10bps,pe_gtt_3_retail_or_industrial,Philosophical Economics GTT #3: Retail Sales or Industrial Production,1960-10-14,2026-10-06,Philosophical Economics GTT #3: Retail Sales or Industrial Production,21333150.93449479,2132.315093449479,0.12320239016757939,0.13505486702703015,-0.357914590510538,0.6164741367790844,0.8827044188723575,0.8872425009035056
200d,10bps,pe_gtt_3_retail_or_industrial,Philosophical Economics GTT #3: Retail Sales or Industrial Production,1960-10-14,2026-10-06,200D SMA always on,8403812.101796217,839.3812101796217,0.10745446095762357,0.11063803055097557,-0.23917765293122906,0.5977298229683135,0.8407132882045201,0.754005541501024
200d,10bps,pe_gtt_3_retail_or_industrial,Philosophical Economics GTT #3: Retail Sales or Industrial Production,1960-10-14,2026-10-06,Buy and hold,8467640.716433987,845.7640716433987,0.1075814759567082,0.164590662937815,-0.5518945071695773,0.44733267605084526,0.6298181196558256,1.0
200d,10bps,pe_gtt_4_employment,Philosophical Economics GTT #4: Employment Growth,1960-10-14,2026-10-06,Philosophical Economics GTT #4: Employment Growth,19696307.015301898,1968.6307015301898,0.12184414999672466,0.1428603354768518,-0.33717250635618656,0.5823876218210411,0.8143425226617421,0.9059149500060234
200d,10bps,pe_gtt_4_employment,Philosophical Economics GTT #4: Employment Growth,1960-10-14,2026-10-06,200D SMA always on,8403812.101796217,839.3812101796217,0.10745446095762357,0.11063803055097557,-0.23917765293122906,0.5977298229683135,0.8407132882045201,0.754005541501024
200d,10bps,pe_gtt_4_employment,Philosophical Economics GTT #4: Employment Growth,1960-10-14,2026-10-06,Buy and hold,8467640.716433987,845.7640716433987,0.1075814759567082,0.164590662937815,-0.5518945071695773,0.44733267605084526,0.6298181196558256,1.0
200d,10bps,pe_gtt_5_income_or_housing,Philosophical Economics GTT #5: Real Income or Housing Starts,1960-10-14,2026-10-06,Philosophical Economics GTT #5: Real Income or Housing Starts,13138612.42573969,1312.861242573969,0.11498087117790035,0.12199742585395264,-0.26723242518424595,0.6085500488505052,0.8599655093990014,0.8306228165281292
200d,10bps,pe_gtt_5_income_or_housing,Philosophical Economics GTT #5: Real Income or Housing Starts,1960-10-14,2026-10-06,200D SMA always on,8403812.101796217,839.3812101796217,0.10745446095762357,0.11063803055097557,-0.23917765293122906,0.5977298229683135,0.8407132882045201,0.754005541501024
200d,10bps,pe_gtt_5_income_or_housing,Philosophical Economics GTT #5: Real Income or Housing Starts,1960-10-14,2026-10-06,Buy and hold,8467640.716433987,845.7640716433987,0.1075814759567082,0.164590662937815,-0.5518945071695773,0.44733267605084526,0.6298181196558256,1.0
200d,10bps,pe_gtt_6_unrate,Philosophical Economics GTT #6: Unemployment Rate Trend,1960-10-14,2026-10-06,Philosophical Economics GTT #6: Unemployment Rate Trend,16386925.885226974,1637.6925885226974,0.11872073285280038,0.1391246542134407,-0.33717250635618656,0.5741483167533021,0.8003337447917162,0.8835682447897844
200d,10bps,pe_gtt_6_unrate,Philosophical Economics GTT #6: Unemployment Rate Trend,1960-10-14,2026-10-06,200D SMA always on,8403812.101796217,839.3812101796217,0.10745446095762357,0.11063803055097557,-0.23917765293122906,0.5977298229683135,0.8407132882045201,0.754005541501024
200d,10bps,pe_gtt_6_unrate,Philosophical Economics GTT #6: Unemployment Rate Trend,1960-10-14,2026-10-06,Buy and hold,8467640.716433987,845.7640716433987,0.1075814759567082,0.164590662937815,-0.5518945071695773,0.44733267605084526,0.6298181196558256,1.0
10m,0bps,actuallyfinance_gtt,ActuallyFinance GTT,1961-07-31,2026-09-30,ActuallyFinance GTT,14014000.596404053,1400.4000596404053,0.11759665813563513,0.12597484156186212,-0.29659464185752016,0.6098385257777406,0.9366001225904771,0.8697318007662835
10m,0bps,actuallyfinance_gtt,ActuallyFinance GTT,1961-07-31,2026-09-30,10M MA always on,4989359.471695347,497.93594716953464,0.1000247061147701,0.11043739573888839,-0.23297349886230312,0.5357003215995149,0.802323409913697,0.7522349936143039
10m,0bps,actuallyfinance_gtt,ActuallyFinance GTT,1961-07-31,2026-09-30,Buy and hold,6655048.281358987,664.5048281358987,0.10489813617263888,0.14873168183796515,-0.5078478777922857,0.4609450197914068,0.6839341262783531,1.0
10m,0bps,pe_gtt_1_retail_sales,Philosophical Economics GTT #1: Retail Sales,1961-07-31,2026-09-30,Philosophical Economics GTT #1: Retail Sales,9755054.40691271,974.505440691271,0.1114009746704896,0.13356731078275955,-0.4507088412795973,0.5410619004483843,0.811380530780291,0.9106002554278416
10m,0bps,pe_gtt_1_retail_sales,Philosophical Economics GTT #1: Retail Sales,1961-07-31,2026-09-30,10M MA always on,4989359.471695347,497.93594716953464,0.1000247061147701,0.11043739573888839,-0.23297349886230312,0.5357003215995149,0.802323409913697,0.7522349936143039
10m,0bps,pe_gtt_1_retail_sales,Philosophical Economics GTT #1: Retail Sales,1961-07-31,2026-09-30,Buy and hold,6655048.281358987,664.5048281358987,0.10489813617263888,0.14873168183796515,-0.5078478777922857,0.4609450197914068,0.6839341262783531,1.0
10m,0bps,pe_gtt_2_industrial_production,Philosophical Economics GTT #2: Industrial Production,1961-07-31,2026-09-30,Philosophical Economics GTT #2: Industrial Production,13514432.366672346,1350.4432366672347,0.11697431211362308,0.13418905102508333,-0.29659464185752016,0.5762801320301174,0.8803071112549035,0.9361430395913155
10m,0bps,pe_gtt_2_industrial_production,Philosophical Economics GTT #2: Industrial Production,1961-07-31,2026-09-30,10M MA always on,4989359.471695347,497.93594716953464,0.1000247061147701,0.11043739573888839,-0.23297349886230312,0.5357003215995149,0.802323409913697,0.7522349936143039
10m,0bps,pe_gtt_2_industrial_production,Philosophical Economics GTT #2: Industrial Production,1961-07-31,2026-09-30,Buy and hold,6655048.281358987,664.5048281358987,0.10489813617263888,0.14873168183796515,-0.5078478777922857,0.4609450197914068,0.6839341262783531,1.0
10m,0bps,pe_gtt_3_retail_or_industrial,Philosophical Economics GTT #3: Retail Sales or Industrial Production,1961-07-31,2026-09-30,Philosophical Economics GTT #3: Retail Sales or Industrial Production,13844585.895493513,1383.4585895493512,0.11738808964118674,0.12883374516259127,-0.30741656604544765,0.5976943525703813,0.9169902338542825,0.8850574712643678
10m,0bps,pe_gtt_3_retail_or_industrial,Philosophical Economics GTT #3: Retail Sales or Industrial Production,1961-07-31,2026-09-30,10M MA always on,4989359.471695347,497.93594716953464,0.1000247061147701,0.11043739573888839,-0.23297349886230312,0.5357003215995149,0.802323409913697,0.7522349936143039
10m,0bps,pe_gtt_3_retail_or_industrial,Philosophical Economics GTT #3: Retail Sales or Industrial Production,1961-07-31,2026-09-30,Buy and hold,6655048.281358987,664.5048281358987,0.10489813617263888,0.14873168183796515,-0.5078478777922857,0.4609450197914068,0.6839341262783531,1.0
10m,0bps,pe_gtt_4_employment,Philosophical Economics GTT #4: Employment Growth,1961-07-31,2026-09-30,Philosophical Economics GTT #4: Employment Growth,13919419.883889973,1390.9419883889973,0.11748052679997323,0.13100541326402929,-0.29659464185752016,0.5908922256660686,0.9029597427729389,0.9042145593869731
10m,0bps,pe_gtt_4_employment,Philosophical Economics GTT #4: Employment Growth,1961-07-31,2026-09-30,10M MA always on,4989359.471695347,497.93594716953464,0.1000247061147701,0.11043739573888839,-0.23297349886230312,0.5357003215995149,0.802323409913697,0.7522349936143039
10m,0bps,pe_gtt_4_employment,Philosophical Economics GTT #4: Employment Growth,1961-07-31,2026-09-30,Buy and hold,6655048.281358987,664.5048281358987,0.10489813617263888,0.14873168183796515,-0.5078478777922857,0.4609450197914068,0.6839341262783531,1.0
10m,0bps,pe_gtt_5_income_or_housing,Philosophical Economics GTT #5: Real Income or Housing Starts,1961-07-31,2026-09-30,Philosophical Economics GTT #5: Real Income or Housing Starts,7861457.350401849,785.1457350401848,0.10772639796595951,0.11907835570102225,-0.23273344156410458,0.5640450777454614,0.8564696099951592,0.8288633461047255
10m,0bps,pe_gtt_5_income_or_housing,Philosophical Economics GTT #5: Real Income or Housing Starts,1961-07-31,2026-09-30,10M MA always on,4989359.471695347,497.93594716953464,0.1000247061147701,0.11043739573888839,-0.23297349886230312,0.5357003215995149,0.802323409913697,0.7522349936143039
10m,0bps,pe_gtt_5_income_or_housing,Philosophical Economics GTT #5: Real Income or Housing Starts,1961-07-31,2026-09-30,Buy and hold,6655048.281358987,664.5048281358987,0.10489813617263888,0.14873168183796515,-0.5078478777922857,0.4609450197914068,0.6839341262783531,1.0
10m,0bps,pe_gtt_6_unrate,Philosophical Economics GTT #6: Unemployment Rate Trend,1961-07-31,2026-09-30,Philosophical Economics GTT #6: Unemployment Rate Trend,13967136.340802109,1395.7136340802108,0.11753921244246124,0.1296680051790173,-0.29659464185752005,0.5957711059163937,0.9092788983423075,0.8863346104725415
10m,0bps,pe_gtt_6_unrate,Philosophical Economics GTT #6: Unemployment Rate Trend,1961-07-31,2026-09-30,10M MA always on,4989359.471695347,497.93594716953464,0.1000247061147701,0.11043739573888839,-0.23297349886230312,0.5357003215995149,0.802323409913697,0.7522349936143039
10m,0bps,pe_gtt_6_unrate,Philosophical Economics GTT #6: Unemployment Rate Trend,1961-07-31,2026-09-30,Buy and hold,6655048.281358987,664.5048281358987,0.10489813617263888,0.14873168183796515,-0.5078478777922857,0.4609450197914068,0.6839341262783531,1.0
10m,10bps,actuallyfinance_gtt,ActuallyFinance GTT,1961-07-31,2026-09-30,ActuallyFinance GTT,13643633.54227786,1363.363354227786,0.11713741158910063,0.12597641814613864,-0.29659464185752005,0.6065514726450398,0.9310936365341761,0.8697318007662835
10m,10bps,actuallyfinance_gtt,ActuallyFinance GTT,1961-07-31,2026-09-30,10M MA always on,4768750.719717462,475.87507197174614,0.09926159188542516,0.11044769201620418,-0.2337399846854974,0.5293467448621112,0.7922859705231319,0.7522349936143039
10m,10bps,actuallyfinance_gtt,ActuallyFinance GTT,1961-07-31,2026-09-30,Buy and hold,6655048.281358987,664.5048281358987,0.10489813617263888,0.14873168183796515,-0.5078478777922857,0.4609450197914068,0.6839341262783531,1.0
10m,10bps,pe_gtt_1_retail_sales,Philosophical Economics GTT #1: Retail Sales,1961-07-31,2026-09-30,Philosophical Economics GTT #1: Retail Sales,9561234.346715033,955.1234346715032,0.11105875869277093,0.13359315980669673,-0.45185038767854835,0.5386605688936529,0.8074689494804008,0.9106002554278416
10m,10bps,pe_gtt_1_retail_sales,Philosophical Economics GTT #1: Retail Sales,1961-07-31,2026-09-30,10M MA always on,4768750.719717462,475.87507197174614,0.09926159188542516,0.11044769201620418,-0.2337399846854974,0.5293467448621112,0.7922859705231319,0.7522349936143039
10m,10bps,pe_gtt_1_retail_sales,Philosophical Economics GTT #1: Retail Sales,1961-07-31,2026-09-30,Buy and hold,6655048.281358987,664.5048281358987,0.10489813617263888,0.14873168183796515,-0.5078478777922857,0.4609450197914068,0.6839341262783531,1.0
10m,10bps,pe_gtt_2_industrial_production,Philosophical Economics GTT #2: Industrial Production,1961-07-31,2026-09-30,Philosophical Economics GTT #2: Industrial Production,13355386.783327153,1334.5386783327153,0.11677141659741408,0.13418226117986487,-0.29659464185752005,0.5749470287416988,0.8781335782441523,0.9361430395913155
10m,10bps,pe_gtt_2_industrial_production,Philosophical Economics GTT #2: Industrial Production,1961-07-31,2026-09-30,10M MA always on,4768750.719717462,475.87507197174614,0.09926159188542516,0.11044769201620418,-0.2337399846854974,0.5293467448621112,0.7922859705231319,0.7522349936143039
10m,10bps,pe_gtt_2_industrial_production,Philosophical Economics GTT #2: Industrial Production,1961-07-31,2026-09-30,Buy and hold,6655048.281358987,664.5048281358987,0.10489813617263888,0.14873168183796515,-0.5078478777922857,0.4609450197914068,0.6839341262783531,1.0
10m,10bps,pe_gtt_3_retail_or_industrial,Philosophical Economics GTT #3: Retail Sales or Industrial Production,1961-07-31,2026-09-30,Philosophical Economics GTT #3: Retail Sales or Industrial Production,13531413.461926168,1352.1413461926168,0.11699583593237683,0.12884238810225437,-0.30954356727041765,0.5949228294771342,0.9123569692746833,0.8850574712643678
10m,10bps,pe_gtt_3_retail_or_industrial,Philosophical Economics GTT #3: Retail Sales or Industrial Production,1961-07-31,2026-09-30,10M MA always on,4768750.719717462,475.87507197174614,0.09926159188542516,0.11044769201620418,-0.2337399846854974,0.5293467448621112,0.7922859705231319,0.7522349936143039
10m,10bps,pe_gtt_3_retail_or_industrial,Philosophical Economics GTT #3: Retail Sales or Industrial Production,1961-07-31,2026-09-30,Buy and hold,6655048.281358987,664.5048281358987,0.10489813617263888,0.14873168183796515,-0.5078478777922857,0.4609450197914068,0.6839341262783531,1.0
10m,10bps,pe_gtt_4_employment,Philosophical Economics GTT #4: Employment Growth,1961-07-31,2026-09-30,Philosophical Economics GTT #4: Employment Growth,13727697.912895583,1371.7697912895583,0.11724271713438061,0.1310050376586192,-0.29659464185752005,0.5892604329558382,0.9003109629167564,0.9042145593869731
10m,10bps,pe_gtt_4_employment,Philosophical Economics GTT #4: Employment Growth,1961-07-31,2026-09-30,10M MA always on,4768750.719717462,475.87507197174614,0.09926159188542516,0.11044769201620418,-0.2337399846854974,0.5293467448621112,0.7922859705231319,0.7522349936143039
10m,10bps,pe_gtt_4_employment,Philosophical Economics GTT #4: Employment Growth,1961-07-31,2026-09-30,Buy and hold,6655048.281358987,664.5048281358987,0.10489813617263888,0.14873168183796515,-0.5078478777922857,0.4609450197914068,0.6839341262783531,1.0
10m,10bps,pe_gtt_5_income_or_housing,Philosophical Economics GTT #5: Real Income or Housing Starts,1961-07-31,2026-09-30,Philosophical Economics GTT #5: Real Income or Housing Starts,7592260.739508197,758.2260739508197,0.10713428616989806,0.11909482176669092,-0.23273344156410447,0.5594657712515082,0.8490298129312085,0.8288633461047255
10m,10bps,pe_gtt_5_income_or_housing,Philosophical Economics GTT #5: Real Income or Housing Starts,1961-07-31,2026-09-30,10M MA always on,4768750.719717462,475.87507197174614,0.09926159188542516,0.11044769201620418,-0.2337399846854974,0.5293467448621112,0.7922859705231319,0.7522349936143039
10m,10bps,pe_gtt_5_income_or_housing,Philosophical Economics GTT #5: Real Income or Housing Starts,1961-07-31,2026-09-30,Buy and hold,6655048.281358987,664.5048281358987,0.10489813617263888,0.14873168183796515,-0.5078478777922857,0.4609450197914068,0.6839341262783531,1.0
10m,10bps,pe_gtt_6_unrate,Philosophical Economics GTT #6: Unemployment Rate Trend,1961-07-31,2026-09-30,Philosophical Economics GTT #6: Unemployment Rate Trend,13665631.901700119,1365.563190170012,0.11716503002644729,0.12966997557598206,-0.29659464185752005,0.5931603108096943,0.9049816407076969,0.8863346104725415
10m,10bps,pe_gtt_6_unrate,Philosophical Economics GTT #6: Unemployment Rate Trend,1961-07-31,2026-09-30,10M MA always on,4768750.719717462,475.87507197174614,0.09926159188542516,0.11044769201620418,-0.2337399846854974,0.5293467448621112,0.7922859705231319,0.7522349936143039
10m,10bps,pe_gtt_6_unrate,Philosophical Economics GTT #6: Unemployment Rate Trend,1961-07-31,2026-09-30,Buy and hold,6655048.281358987,664.5048281358987,0.10489813617263888,0.14873168183796515,-0.5078478777922857,0.4609450197914068,0.6839341262783531,1.0
